"A,1","B,1","C,1","D,1","E,1","F,1","G,1","H,1","I,1","J,1","K,1","L,1","M,1","N,1","O,1","P,1","Q,1","R,1","S,1","T,1","U,1","V,1","W,1","X,1","Y,1","Z,1"
"A,2","B,2","C,2","D,2","E,2","F,2","G,2","H,2","I,2","J,2","K,2","L,2","M,2","N,2","O,2","P,2","Q,2","R,2","S,2","T,2","U,2","V,2","W,2","X,2","Y,2","Z,2"
"A,3","B,3","C,3","D,3","E,3","F,3","G,3","H,3","I,3","J,3","K,3","L,3","M,3","N,3","O,3","P,3","Q,3","R,3","S,3","T,3","U,3","V,3","W,3","X,3","Y,3","Z,3"
"A,4","B,4","C,4","D,4","E,4","F,4","G,4","H,4","I,4","J,4","K,4","L,4","M,4","N,4","O,4","P,4","Q,4","R,4","S,4","T,4","U,4","V,4","W,4","X,4","Y,4","Z,4"
"A,5","B,5","C,5","D,5","E,5","F,5","G,5","H,5","I,5","J,5","K,5","L,5","M,5","N,5","O,5","P,5","Q,5","R,5","S,5","T,5","U,5","V,5","W,5","X,5","Y,5","Z,5"
"A,6","B,6","C,6","D,6","E,6","F,6","G,6","H,6","I,6","J,6","K,6","L,6","M,6","N,6","O,6","P,6","Q,6","R,6","S,6","T,6","U,6","V,6","W,6","X,6","Y,6","Z,6"
"A,7","B,7","C,7","D,7","E,7","F,7","G,7","H,7","I,7","J,7","K,7","L,7","M,7","N,7","O,7","P,7","Q,7","R,7","S,7","T,7","U,7","V,7","W,7","X,7","Y,7","Z,7"
"A,8","B,8","C,8","D,8","E,8","F,8","G,8","H,8","I,8","J,8","K,8","L,8","M,8","N,8","O,8","P,8","Q,8","R,8","S,8","T,8","U,8","V,8","W,8","X,8","Y,8","Z,8"
"A,9","B,9","C,9","D,9","E,9","F,9","G,9","H,9","I,9","J,9","K,9","L,9","M,9","N,9","O,9","P,9","Q,9","R,9","S,9","T,9","U,9","V,9","W,9","X,9","Y,9","Z,9"
"A,10","B,10","C,10","D,10","E,10","F,10","G,10","H,10","I,10","J,10","K,10","L,10","M,10","N,10","O,10","P,10","Q,10","R,10","S,10","T,10","U,10","V,10","W,10","X,10","Y,10","Z,10"
"A,11","B,11","C,11","D,11","E,11","F,11","G,11","H,11","I,11","J,11","K,11","L,11","M,11","N,11","O,11","P,11","Q,11","R,11","S,11","T,11","U,11","V,11","W,11","X,11","Y,11","Z,11"
"A,12","B,12","C,12","D,12","E,12","F,12","G,12","H,12","I,12","J,12","K,12","L,12","M,12","N,12","O,12","P,12","Q,12","R,12","S,12","T,12","U,12","V,12","W,12","X,12","Y,12","Z,12"
"A,13","B,13","C,13","D,13","E,13","F,13","G,13","H,13","I,13","J,13","K,13","L,13","M,13","N,13","O,13","P,13","Q,13","R,13","S,13","T,13","U,13","V,13","W,13","X,13","Y,13","Z,13"
"A,14","B,14","C,14","D,14","E,14","F,14","G,14","H,14","I,14","J,14","K,14","L,14","M,14","N,14","O,14","P,14","Q,14","R,14","S,14","T,14","U,14","V,14","W,14","X,14","Y,14","Z,14"
"A,15","B,15","C,15","D,15","E,15","F,15","G,15","H,15","I,15","J,15","K,15","L,15","M,15","N,15","O,15","P,15","Q,15","R,15","S,15","T,15","U,15","V,15","W,15","X,15","Y,15","Z,15"
"A,16","B,16","C,16","D,16","E,16","F,16","G,16","H,16","I,16","J,16","K,16","L,16","M,16","N,16","O,16","P,16","Q,16","R,16","S,16","T,16","U,16","V,16","W,16","X,16","Y,16","Z,16"
"A,17","B,17","C,17","D,17","E,17","F,17","G,17","H,17","I,17","J,17","K,17","L,17","M,17","N,17","O,17","P,17","Q,17","R,17","S,17","T,17","U,17","V,17","W,17","X,17","Y,17","Z,17"
"A,18","B,18","C,18","D,18","E,18","F,18","G,18","H,18","I,18","J,18","K,18","L,18","M,18","N,18","O,18","P,18","Q,18","R,18","S,18","T,18","U,18","V,18","W,18","X,18","Y,18","Z,18"
"A,19","B,19","C,19","D,19","E,19","F,19","G,19","H,19","I,19","J,19","K,19","L,19","M,19","N,19","O,19","P,19","Q,19","R,19","S,19","T,19","U,19","V,19","W,19","X,19","Y,19","Z,19"
"A,20","B,20","C,20","D,20","E,20","F,20","G,20","H,20","I,20","J,20","K,20","L,20","M,20","N,20","O,20","P,20","Q,20","R,20","S,20","T,20","U,20","V,20","W,20","X,20","Y,20","Z,20"
"A,21","B,21","C,21","D,21","E,21","F,21","G,21","H,21","I,21","J,21","K,21","L,21","M,21","N,21","O,21","P,21","Q,21","R,21","S,21","T,21","U,21","V,21","W,21","X,21","Y,21","Z,21"
"A,22","B,22","C,22","D,22","E,22","F,22","G,22","H,22","I,22","J,22","K,22","L,22","M,22","N,22","O,22","P,22","Q,22","R,22","S,22","T,22","U,22","V,22","W,22","X,22","Y,22","Z,22"
"A,23","B,23","C,23","D,23","E,23","F,23","G,23","H,23","I,23","J,23","K,23","L,23","M,23","N,23","O,23","P,23","Q,23","R,23","S,23","T,23","U,23","V,23","W,23","X,23","Y,23","Z,23"
"A,24","B,24","C,24","D,24","E,24","F,24","G,24","H,24","I,24","J,24","K,24","L,24","M,24","N,24","O,24","P,24","Q,24","R,24","S,24","T,24","U,24","V,24","W,24","X,24","Y,24","Z,24"
"A,25","B,25","C,25","D,25","E,25","F,25","G,25","H,25","I,25","J,25","K,25","L,25","M,25","N,25","O,25","P,25","Q,25","R,25","S,25","T,25","U,25","V,25","W,25","X,25","Y,25","Z,25"
"A,26","B,26","C,26","D,26","E,26","F,26","G,26","H,26","I,26","J,26","K,26","L,26","M,26","N,26","O,26","P,26","Q,26","R,26","S,26","T,26","U,26","V,26","W,26","X,26","Y,26","Z,26"
"A,27","B,27","C,27","D,27","E,27","F,27","G,27","H,27","I,27","J,27","K,27","L,27","M,27","N,27","O,27","P,27","Q,27","R,27","S,27","T,27","U,27","V,27","W,27","X,27","Y,27","Z,27"
"A,28","B,28","C,28","D,28","E,28","F,28","G,28","H,28","I,28","J,28","K,28","L,28","M,28","N,28","O,28","P,28","Q,28","R,28","S,28","T,28","U,28","V,28","W,28","X,28","Y,28","Z,28"
"A,29","B,29","C,29","D,29","E,29","F,29","G,29","H,29","I,29","J,29","K,29","L,29","M,29","N,29","O,29","P,29","Q,29","R,29","S,29","T,29","U,29","V,29","W,29","X,29","Y,29","Z,29"
"A,30","B,30","C,30","D,30","E,30","F,30","G,30","H,30","I,30","J,30","K,30","L,30","M,30","N,30","O,30","P,30","Q,30","R,30","S,30","T,30","U,30","V,30","W,30","X,30","Y,30","Z,30"
"A,31","B,31","C,31","D,31","E,31","F,31","G,31","H,31","I,31","J,31","K,31","L,31","M,31","N,31","O,31","P,31","Q,31","R,31","S,31","T,31","U,31","V,31","W,31","X,31","Y,31","Z,31"
"A,32","B,32","C,32","D,32","E,32","F,32","G,32","H,32","I,32","J,32","K,32","L,32","M,32","N,32","O,32","P,32","Q,32","R,32","S,32","T,32","U,32","V,32","W,32","X,32","Y,32","Z,32"
"A,33","B,33","C,33","D,33","E,33","F,33","G,33","H,33","I,33","J,33","K,33","L,33","M,33","N,33","O,33","P,33","Q,33","R,33","S,33","T,33","U,33","V,33","W,33","X,33","Y,33","Z,33"
"A,34","B,34","C,34","D,34","E,34","F,34","G,34","H,34","I,34","J,34","K,34","L,34","M,34","N,34","O,34","P,34","Q,34","R,34","S,34","T,34","U,34","V,34","W,34","X,34","Y,34","Z,34"
"A,35","B,35","C,35","D,35","E,35","F,35","G,35","H,35","I,35","J,35","K,35","L,35","M,35","N,35","O,35","P,35","Q,35","R,35","S,35","T,35","U,35","V,35","W,35","X,35","Y,35","Z,35"
"A,36","B,36","C,36","D,36","E,36","F,36","G,36","H,36","I,36","J,36","K,36","L,36","M,36","N,36","O,36","P,36","Q,36","R,36","S,36","T,36","U,36","V,36","W,36","X,36","Y,36","Z,36"
"A,37","B,37","C,37","D,37","E,37","F,37","G,37","H,37","I,37","J,37","K,37","L,37","M,37","N,37","O,37","P,37","Q,37","R,37","S,37","T,37","U,37","V,37","W,37","X,37","Y,37","Z,37"
"A,38","B,38","C,38","D,38","E,38","F,38","G,38","H,38","I,38","J,38","K,38","L,38","M,38","N,38","O,38","P,38","Q,38","R,38","S,38","T,38","U,38","V,38","W,38","X,38","Y,38","Z,38"
"A,39","B,39","C,39","D,39","E,39","F,39","G,39","H,39","I,39","J,39","K,39","L,39","M,39","N,39","O,39","P,39","Q,39","R,39","S,39","T,39","U,39","V,39","W,39","X,39","Y,39","Z,39"
"A,40","B,40","C,40","D,40","E,40","F,40","G,40","H,40","I,40","J,40","K,40","L,40","M,40","N,40","O,40","P,40","Q,40","R,40","S,40","T,40","U,40","V,40","W,40","X,40","Y,40","Z,40"
"A,41","B,41","C,41","D,41","E,41","F,41","G,41","H,41","I,41","J,41","K,41","L,41","M,41","N,41","O,41","P,41","Q,41","R,41","S,41","T,41","U,41","V,41","W,41","X,41","Y,41","Z,41"
"A,42","B,42","C,42","D,42","E,42","F,42","G,42","H,42","I,42","J,42","K,42","L,42","M,42","N,42","O,42","P,42","Q,42","R,42","S,42","T,42","U,42","V,42","W,42","X,42","Y,42","Z,42"
"A,43","B,43","C,43","D,43","E,43","F,43","G,43","H,43","I,43","J,43","K,43","L,43","M,43","N,43","O,43","P,43","Q,43","R,43","S,43","T,43","U,43","V,43","W,43","X,43","Y,43","Z,43"
"A,44","B,44","C,44","D,44","E,44","F,44","G,44","H,44","I,44","J,44","K,44","L,44","M,44","N,44","O,44","P,44","Q,44","R,44","S,44","T,44","U,44","V,44","W,44","X,44","Y,44","Z,44"
"A,45","B,45","C,45","D,45","E,45","F,45","G,45","H,45","I,45","J,45","K,45","L,45","M,45","N,45","O,45","P,45","Q,45","R,45","S,45","T,45","U,45","V,45","W,45","X,45","Y,45","Z,45"
"A,46","B,46","C,46","D,46","E,46","F,46","G,46","H,46","I,46","J,46","K,46","L,46","M,46","N,46","O,46","P,46","Q,46","R,46","S,46","T,46","U,46","V,46","W,46","X,46","Y,46","Z,46"
"A,47","B,47","C,47","D,47","E,47","F,47","G,47","H,47","I,47","J,47","K,47","L,47","M,47","N,47","O,47","P,47","Q,47","R,47","S,47","T,47","U,47","V,47","W,47","X,47","Y,47","Z,47"
"A,48","B,48","C,48","D,48","E,48","F,48","G,48","H,48","I,48","J,48","K,48","L,48","M,48","N,48","O,48","P,48","Q,48","R,48","S,48","T,48","U,48","V,48","W,48","X,48","Y,48","Z,48"
"A,49","B,49","C,49","D,49","E,49","F,49","G,49","H,49","I,49","J,49","K,49","L,49","M,49","N,49","O,49","P,49","Q,49","R,49","S,49","T,49","U,49","V,49","W,49","X,49","Y,49","Z,49"
"A,50","B,50","C,50","D,50","E,50","F,50","G,50","H,50","I,50","J,50","K,50","L,50","M,50","N,50","O,50","P,50","Q,50","R,50","S,50","T,50","U,50","V,50","W,50","X,50","Y,50","Z,50"
"A,51","B,51","C,51","D,51","E,51","F,51","G,51","H,51","I,51","J,51","K,51","L,51","M,51","N,51","O,51","P,51","Q,51","R,51","S,51","T,51","U,51","V,51","W,51","X,51","Y,51","Z,51"
"A,52","B,52","C,52","D,52","E,52","F,52","G,52","H,52","I,52","J,52","K,52","L,52","M,52","N,52","O,52","P,52","Q,52","R,52","S,52","T,52","U,52","V,52","W,52","X,52","Y,52","Z,52"
"A,53","B,53","C,53","D,53","E,53","F,53","G,53","H,53","I,53","J,53","K,53","L,53","M,53","N,53","O,53","P,53","Q,53","R,53","S,53","T,53","U,53","V,53","W,53","X,53","Y,53","Z,53"
"A,54","B,54","C,54","D,54","E,54","F,54","G,54","H,54","I,54","J,54","K,54","L,54","M,54","N,54","O,54","P,54","Q,54","R,54","S,54","T,54","U,54","V,54","W,54","X,54","Y,54","Z,54"
"A,55","B,55","C,55","D,55","E,55","F,55","G,55","H,55","I,55","J,55","K,55","L,55","M,55","N,55","O,55","P,55","Q,55","R,55","S,55","T,55","U,55","V,55","W,55","X,55","Y,55","Z,55"
"A,56","B,56","C,56","D,56","E,56","F,56","G,56","H,56","I,56","J,56","K,56","L,56","M,56","N,56","O,56","P,56","Q,56","R,56","S,56","T,56","U,56","V,56","W,56","X,56","Y,56","Z,56"
"A,57","B,57","C,57","D,57","E,57","F,57","G,57","H,57","I,57","J,57","K,57","L,57","M,57","N,57","O,57","P,57","Q,57","R,57","S,57","T,57","U,57","V,57","W,57","X,57","Y,57","Z,57"
"A,58","B,58","C,58","D,58","E,58","F,58","G,58","H,58","I,58","J,58","K,58","L,58","M,58","N,58","O,58","P,58","Q,58","R,58","S,58","T,58","U,58","V,58","W,58","X,58","Y,58","Z,58"
"A,59","B,59","C,59","D,59","E,59","F,59","G,59","H,59","I,59","J,59","K,59","L,59","M,59","N,59","O,59","P,59","Q,59","R,59","S,59","T,59","U,59","V,59","W,59","X,59","Y,59","Z,59"
"A,60","B,60","C,60","D,60","E,60","F,60","G,60","H,60","I,60","J,60","K,60","L,60","M,60","N,60","O,60","P,60","Q,60","R,60","S,60","T,60","U,60","V,60","W,60","X,60","Y,60","Z,60"
"A,61","B,61","C,61","D,61","E,61","F,61","G,61","H,61","I,61","J,61","K,61","L,61","M,61","N,61","O,61","P,61","Q,61","R,61","S,61","T,61","U,61","V,61","W,61","X,61","Y,61","Z,61"
"A,62","B,62","C,62","D,62","E,62","F,62","G,62","H,62","I,62","J,62","K,62","L,62","M,62","N,62","O,62","P,62","Q,62","R,62","S,62","T,62","U,62","V,62","W,62","X,62","Y,62","Z,62"
"A,63","B,63","C,63","D,63","E,63","F,63","G,63","H,63","I,63","J,63","K,63","L,63","M,63","N,63","O,63","P,63","Q,63","R,63","S,63","T,63","U,63","V,63","W,63","X,63","Y,63","Z,63"
"A,64","B,64","C,64","D,64","E,64","F,64","G,64","H,64","I,64","J,64","K,64","L,64","M,64","N,64","O,64","P,64","Q,64","R,64","S,64","T,64","U,64","V,64","W,64","X,64","Y,64","Z,64"
"A,65","B,65","C,65","D,65","E,65","F,65","G,65","H,65","I,65","J,65","K,65","L,65","M,65","N,65","O,65","P,65","Q,65","R,65","S,65","T,65","U,65","V,65","W,65","X,65","Y,65","Z,65"
"A,66","B,66","C,66","D,66","E,66","F,66","G,66","H,66","I,66","J,66","K,66","L,66","M,66","N,66","O,66","P,66","Q,66","R,66","S,66","T,66","U,66","V,66","W,66","X,66","Y,66","Z,66"
"A,67","B,67","C,67","D,67","E,67","F,67","G,67","H,67","I,67","J,67","K,67","L,67","M,67","N,67","O,67","P,67","Q,67","R,67","S,67","T,67","U,67","V,67","W,67","X,67","Y,67","Z,67"
"A,68","B,68","C,68","D,68","E,68","F,68","G,68","H,68","I,68","J,68","K,68","L,68","M,68","N,68","O,68","P,68","Q,68","R,68","S,68","T,68","U,68","V,68","W,68","X,68","Y,68","Z,68"
"A,69","B,69","C,69","D,69","E,69","F,69","G,69","H,69","I,69","J,69","K,69","L,69","M,69","N,69","O,69","P,69","Q,69","R,69","S,69","T,69","U,69","V,69","W,69","X,69","Y,69","Z,69"
"A,70","B,70","C,70","D,70","E,70","F,70","G,70","H,70","I,70","J,70","K,70","L,70","M,70","N,70","O,70","P,70","Q,70","R,70","S,70","T,70","U,70","V,70","W,70","X,70","Y,70","Z,70"
"A,71","B,71","C,71","D,71","E,71","F,71","G,71","H,71","I,71","J,71","K,71","L,71","M,71","N,71","O,71","P,71","Q,71","R,71","S,71","T,71","U,71","V,71","W,71","X,71","Y,71","Z,71"
"A,72","B,72","C,72","D,72","E,72","F,72","G,72","H,72","I,72","J,72","K,72","L,72","M,72","N,72","O,72","P,72","Q,72","R,72","S,72","T,72","U,72","V,72","W,72","X,72","Y,72","Z,72"
"A,73","B,73","C,73","D,73","E,73","F,73","G,73","H,73","I,73","J,73","K,73","L,73","M,73","N,73","O,73","P,73","Q,73","R,73","S,73","T,73","U,73","V,73","W,73","X,73","Y,73","Z,73"
"A,74","B,74","C,74","D,74","E,74","F,74","G,74","H,74","I,74","J,74","K,74","L,74","M,74","N,74","O,74","P,74","Q,74","R,74","S,74","T,74","U,74","V,74","W,74","X,74","Y,74","Z,74"
"A,75","B,75","C,75","D,75","E,75","F,75","G,75","H,75","I,75","J,75","K,75","L,75","M,75","N,75","O,75","P,75","Q,75","R,75","S,75","T,75","U,75","V,75","W,75","X,75","Y,75","Z,75"
"A,76","B,76","C,76","D,76","E,76","F,76","G,76","H,76","I,76","J,76","K,76","L,76","M,76","N,76","O,76","P,76","Q,76","R,76","S,76","T,76","U,76","V,76","W,76","X,76","Y,76","Z,76"
"A,77","B,77","C,77","D,77","E,77","F,77","G,77","H,77","I,77","J,77","K,77","L,77","M,77","N,77","O,77","P,77","Q,77","R,77","S,77","T,77","U,77","V,77","W,77","X,77","Y,77","Z,77"
"A,78","B,78","C,78","D,78","E,78","F,78","G,78","H,78","I,78","J,78","K,78","L,78","M,78","N,78","O,78","P,78","Q,78","R,78","S,78","T,78","U,78","V,78","W,78","X,78","Y,78","Z,78"
"A,79","B,79","C,79","D,79","E,79","F,79","G,79","H,79","I,79","J,79","K,79","L,79","M,79","N,79","O,79","P,79","Q,79","R,79","S,79","T,79","U,79","V,79","W,79","X,79","Y,79","Z,79"
"A,80","B,80","C,80","D,80","E,80","F,80","G,80","H,80","I,80","J,80","K,80","L,80","M,80","N,80","O,80","P,80","Q,80","R,80","S,80","T,80","U,80","V,80","W,80","X,80","Y,80","Z,80"
"A,81","B,81","C,81","D,81","E,81","F,81","G,81","H,81","I,81","J,81","K,81","L,81","M,81","N,81","O,81","P,81","Q,81","R,81","S,81","T,81","U,81","V,81","W,81","X,81","Y,81","Z,81"
"A,82","B,82","C,82","D,82","E,82","F,82","G,82","H,82","I,82","J,82","K,82","L,82","M,82","N,82","O,82","P,82","Q,82","R,82","S,82","T,82","U,82","V,82","W,82","X,82","Y,82","Z,82"
"A,83","B,83","C,83","D,83","E,83","F,83","G,83","H,83","I,83","J,83","K,83","L,83","M,83","N,83","O,83","P,83","Q,83","R,83","S,83","T,83","U,83","V,83","W,83","X,83","Y,83","Z,83"
"A,84","B,84","C,84","D,84","E,84","F,84","G,84","H,84","I,84","J,84","K,84","L,84","M,84","N,84","O,84","P,84","Q,84","R,84","S,84","T,84","U,84","V,84","W,84","X,84","Y,84","Z,84"
"A,85","B,85","C,85","D,85","E,85","F,85","G,85","H,85","I,85","J,85","K,85","L,85","M,85","N,85","O,85","P,85","Q,85","R,85","S,85","T,85","U,85","V,85","W,85","X,85","Y,85","Z,85"
"A,86","B,86","C,86","D,86","E,86","F,86","G,86","H,86","I,86","J,86","K,86","L,86","M,86","N,86","O,86","P,86","Q,86","R,86","S,86","T,86","U,86","V,86","W,86","X,86","Y,86","Z,86"
"A,87","B,87","C,87","D,87","E,87","F,87","G,87","H,87","I,87","J,87","K,87","L,87","M,87","N,87","O,87","P,87","Q,87","R,87","S,87","T,87","U,87","V,87","W,87","X,87","Y,87","Z,87"
"A,88","B,88","C,88","D,88","E,88","F,88","G,88","H,88","I,88","J,88","K,88","L,88","M,88","N,88","O,88","P,88","Q,88","R,88","S,88","T,88","U,88","V,88","W,88","X,88","Y,88","Z,88"
"A,89","B,89","C,89","D,89","E,89","F,89","G,89","H,89","I,89","J,89","K,89","L,89","M,89","N,89","O,89","P,89","Q,89","R,89","S,89","T,89","U,89","V,89","W,89","X,89","Y,89","Z,89"
"A,90","B,90","C,90","D,90","E,90","F,90","G,90","H,90","I,90","J,90","K,90","L,90","M,90","N,90","O,90","P,90","Q,90","R,90","S,90","T,90","U,90","V,90","W,90","X,90","Y,90","Z,90"
"A,91","B,91","C,91","D,91","E,91","F,91","G,91","H,91","I,91","J,91","K,91","L,91","M,91","N,91","O,91","P,91","Q,91","R,91","S,91","T,91","U,91","V,91","W,91","X,91","Y,91","Z,91"
"A,92","B,92","C,92","D,92","E,92","F,92","G,92","H,92","I,92","J,92","K,92","L,92","M,92","N,92","O,92","P,92","Q,92","R,92","S,92","T,92","U,92","V,92","W,92","X,92","Y,92","Z,92"
"A,93","B,93","C,93","D,93","E,93","F,93","G,93","H,93","I,93","J,93","K,93","L,93","M,93","N,93","O,93","P,93","Q,93","R,93","S,93","T,93","U,93","V,93","W,93","X,93","Y,93","Z,93"
"A,94","B,94","C,94","D,94","E,94","F,94","G,94","H,94","I,94","J,94","K,94","L,94","M,94","N,94","O,94","P,94","Q,94","R,94","S,94","T,94","U,94","V,94","W,94","X,94","Y,94","Z,94"
"A,95","B,95","C,95","D,95","E,95","F,95","G,95","H,95","I,95","J,95","K,95","L,95","M,95","N,95","O,95","P,95","Q,95","R,95","S,95","T,95","U,95","V,95","W,95","X,95","Y,95","Z,95"
"A,96","B,96","C,96","D,96","E,96","F,96","G,96","H,96","I,96","J,96","K,96","L,96","M,96","N,96","O,96","P,96","Q,96","R,96","S,96","T,96","U,96","V,96","W,96","X,96","Y,96","Z,96"
"A,97","B,97","C,97","D,97","E,97","F,97","G,97","H,97","I,97","J,97","K,97","L,97","M,97","N,97","O,97","P,97","Q,97","R,97","S,97","T,97","U,97","V,97","W,97","X,97","Y,97","Z,97"
"A,98","B,98","C,98","D,98","E,98","F,98","G,98","H,98","I,98","J,98","K,98","L,98","M,98","N,98","O,98","P,98","Q,98","R,98","S,98","T,98","U,98","V,98","W,98","X,98","Y,98","Z,98"
"A,99","B,99","C,99","D,99","E,99","F,99","G,99","H,99","I,99","J,99","K,99","L,99","M,99","N,99","O,99","P,99","Q,99","R,99","S,99","T,99","U,99","V,99","W,99","X,99","Y,99","Z,99"
"A,100","B,100","C,100","D,100","E,100","F,100","G,100","H,100","I,100","J,100","K,100","L,100","M,100","N,100","O,100","P,100","Q,100","R,100","S,100","T,100","U,100","V,100","W,100","X,100","Y,100","Z,100"
